username,first_name,last_name,email,gender,credit_type
1,Norine,de Leon,ndeleon0@merriam-webster.com,Female,jcb
2,Jacobo,Calverd,jcalverd1@sfgate.com,Male,jcb
3,Guss,Briant,gbriant2@dropbox.com,Male,visa-electron
4,Carlyn,Duiguid,cduiguid3@utexas.edu,Female,jcb
5,Ediva,Sussams,esussams4@cbslocal.com,Female,laser
6,Connor,Pasque,cpasque5@joomla.org,Male,laser
7,Elbert,Hinners,ehinners6@mashable.com,Male,switch
8,Evelina,Verbrugghen,everbrugghen7@nymag.com,Female,mastercard
9,Coleman,Dunkinson,cdunkinson8@rediff.com,Male,jcb
10,Cynthea,Feather,cfeather9@ucla.edu,Female,jcb
11,Gray,Gianiello,ggianielloa@dailymail.co.uk,Female,diners-club-us-ca
12,Elston,Eckley,eeckleyb@feedburner.com,Male,maestro
13,Eunice,Bulcroft,ebulcroftc@pinterest.com,Female,jcb
14,Axe,Tuberfield,atuberfieldd@oakley.com,Male,jcb
15,Worthy,Cree,wcreee@nature.com,Male,americanexpress
16,Sandi,Valentino,svalentinof@bing.com,Female,americanexpress
17,Cymbre,Batalle,cbatalleg@sina.com.cn,Female,jcb
18,Amalita,Lavington,alavingtonh@163.com,Female,laser
19,Jerrome,Doody,jdoodyi@cdbaby.com,Male,jcb
20,Etty,Pridding,epriddingj@joomla.org,Female,jcb
21,Aime,Wims,awimsk@blinklist.com,Female,instapayment
22,Blondelle,Ekkel,bekkell@mail.ru,Female,jcb
23,Isiahi,Quaintance,iquaintancem@etsy.com,Male,mastercard
24,Esdras,Bourdel,ebourdeln@twitter.com,Male,jcb
25,Clareta,Fawlks,cfawlkso@gmpg.org,Female,diners-club-carte-blanche
26,Sandi,Kubal,skubalp@biblegateway.com,Female,bankcard
27,Alwyn,McGuirk,amcguirkq@economist.com,Male,jcb
28,Suki,Leemans,sleemansr@wufoo.com,Female,china-unionpay
29,Pinchas,Swinerd,pswinerds@samsung.com,Male,jcb
30,Alikee,Waldocke,awaldocket@dagondesign.com,Female,jcb
31,Nyssa,Dunridge,ndunridgeu@tiny.cc,Female,switch
32,Kissiah,Yesinin,kyesininv@wordpress.com,Female,mastercard
33,Timothee,Worge,tworgew@booking.com,Male,jcb
34,Tabby,Weddell,tweddellx@npr.org,Female,visa
35,Melody,Wybron,mwybrony@sitemeter.com,Female,visa-electron
36,Ailey,Peegrem,apeegremz@arizona.edu,Female,jcb
37,Raphaela,Kimberley,rkimberley10@sohu.com,Female,jcb
38,Maurizio,Biddleston,mbiddleston11@chronoengine.com,Male,jcb
39,Angelle,Havis,ahavis12@chronoengine.com,Female,diners-club-international
40,Hailee,McNelis,hmcnelis13@cam.ac.uk,Female,jcb
41,Marcelle,Eard,meard14@163.com,Female,mastercard
42,Stephana,Fice,sfice15@senate.gov,Female,jcb
43,Umeko,O'Sculley,uosculley16@wsj.com,Female,jcb
44,Arleta,Headan,aheadan17@intel.com,Female,mastercard
45,Deena,Burmaster,dburmaster18@shareasale.com,Female,jcb
46,Liane,Blowfield,lblowfield19@mapquest.com,Female,jcb
47,Wallace,Venturoli,wventuroli1a@deviantart.com,Male,china-unionpay
48,Jodi,Crevagh,jcrevagh1b@zdnet.com,Female,visa-electron
49,Jeramey,Arpin,jarpin1c@sourceforge.net,Male,bankcard
50,Clevey,Nesbit,cnesbit1d@vk.com,Male,diners-club-enroute
51,Rickie,Sutcliffe,rsutcliffe1e@intel.com,Female,jcb
52,Lydie,Yurikov,lyurikov1f@telegraph.co.uk,Female,bankcard
53,Winni,de Wilde,wdewilde1g@usda.gov,Female,visa-electron
54,Derward,Bellam,dbellam1h@vkontakte.ru,Male,china-unionpay
55,Bob,McIsaac,bmcisaac1i@jigsy.com,Male,jcb
56,Rafaela,Rosier,rrosier1j@ted.com,Female,mastercard
57,Ezechiel,Aery,eaery1k@com.com,Male,maestro
58,Addia,Fyldes,afyldes1l@yale.edu,Female,mastercard
59,Lula,Iacobini,liacobini1m@biglobe.ne.jp,Female,jcb
60,Paul,Mordy,pmordy1n@hatena.ne.jp,Male,instapayment
61,Lin,Toohey,ltoohey1o@berkeley.edu,Female,jcb
62,Ashley,Semeniuk,asemeniuk1p@google.com.hk,Male,mastercard
63,Warde,Caneo,wcaneo1q@salon.com,Male,bankcard
64,Salomo,Arundell,sarundell1r@tumblr.com,Male,maestro
65,Hubey,Diboll,hdiboll1s@blogger.com,Male,bankcard
66,Elmira,Kissack,ekissack1t@theglobeandmail.com,Female,visa-electron
67,Emery,Dagon,edagon1u@liveinternet.ru,Male,maestro
68,Tara,Tremmel,ttremmel1v@wunderground.com,Female,maestro
69,Enrica,Jeremiah,ejeremiah1w@meetup.com,Female,china-unionpay
70,Ragnar,Rydeard,rrydeard1x@indiatimes.com,Male,mastercard
71,Gherardo,Mohammad,gmohammad1y@yahoo.co.jp,Male,jcb
72,Molli,Broadnicke,mbroadnicke1z@goo.gl,Female,jcb
73,Bev,Reyburn,breyburn20@google.com.au,Female,jcb
74,Hamlen,Rosenfeld,hrosenfeld21@xing.com,Male,jcb
75,Goldie,Wiltshier,gwiltshier22@com.com,Female,jcb
76,Ingemar,Hartup,ihartup23@joomla.org,Male,mastercard
77,Bradford,Juschka,bjuschka24@goodreads.com,Male,bankcard
78,Zahara,Swanborough,zswanborough25@examiner.com,Female,mastercard
79,Gan,Gannon,ggannon26@yale.edu,Male,bankcard
80,Morgen,Chandler,mchandler27@census.gov,Male,jcb
81,Gradeigh,Whitby,gwhitby28@dailymotion.com,Male,maestro
82,Carolin,Heberden,cheberden29@geocities.jp,Female,visa-electron
83,Cecile,Marshalleck,cmarshalleck2a@stanford.edu,Female,solo
84,Nora,Hendrich,nhendrich2b@ted.com,Female,americanexpress
85,Burch,Veazey,bveazey2c@imageshack.us,Male,switch
86,Bobina,Kittow,bkittow2d@pcworld.com,Female,mastercard
87,Conney,Keford,ckeford2e@about.com,Male,jcb
88,Elliot,Mellings,emellings2f@prweb.com,Male,bankcard
89,Constantino,Bremley,cbremley2g@chronoengine.com,Male,laser
90,Quintin,Ragot,qragot2h@smh.com.au,Male,mastercard
91,Olenolin,Girauld,ogirauld2i@netlog.com,Male,maestro
92,Frazer,Gilardengo,fgilardengo2j@upenn.edu,Male,china-unionpay
93,Pat,Plimmer,pplimmer2k@google.fr,Female,americanexpress
94,Joaquin,Greer,jgreer2l@sciencedaily.com,Male,switch
95,Trude,Monroe,tmonroe2m@fastcompany.com,Female,diners-club-carte-blanche
96,Ethe,Figin,efigin2n@unicef.org,Male,jcb
97,Roanne,Salmon,rsalmon2o@mozilla.com,Female,jcb
98,Auberta,Empringham,aempringham2p@umich.edu,Female,bankcard
99,Chevy,Willmore,cwillmore2q@prlog.org,Male,jcb
100,Jaymie,Percifer,jpercifer2r@pbs.org,Male,mastercard
101,Estell,Airth,eairth2s@digg.com,Female,diners-club-enroute
102,Elora,Gummie,egummie2t@dropbox.com,Female,maestro
103,Renaud,Kemm,rkemm2u@hatena.ne.jp,Male,jcb
104,Sharlene,Pedreschi,spedreschi2v@oracle.com,Female,jcb
105,Loralee,Mattiessen,lmattiessen2w@opensource.org,Female,mastercard
106,Prince,Maso,pmaso2x@arstechnica.com,Male,visa-electron
107,Corbin,Chevers,cchevers2y@marriott.com,Male,americanexpress
108,Carolyne,Margetts,cmargetts2z@google.com,Female,diners-club-enroute
109,Danice,Swift,dswift30@geocities.com,Female,maestro
110,Valerie,Dufour,vdufour31@de.vu,Female,visa
111,Nessie,Pothergill,npothergill32@elpais.com,Female,bankcard
112,Kaylil,Bye,kbye33@accuweather.com,Female,maestro
113,Carlina,McEntegart,cmcentegart34@ifeng.com,Female,jcb
114,Avery,Melloi,amelloi35@rakuten.co.jp,Male,jcb
115,Rodi,Sibyllina,rsibyllina36@unesco.org,Female,laser
116,Bren,Clout,bclout37@google.es,Female,jcb
117,Benito,Hutton,bhutton38@g.co,Male,americanexpress
118,Bastien,Stubbin,bstubbin39@yandex.ru,Male,diners-club-enroute
119,Delmer,Makin,dmakin3a@istockphoto.com,Male,diners-club-enroute
120,Kellina,Fuxman,kfuxman3b@e-recht24.de,Female,switch
121,Zach,Mendenhall,zmendenhall3c@salon.com,Male,maestro
122,Orbadiah,Dunkerk,odunkerk3d@amazon.co.uk,Male,mastercard
123,Frankie,Lowdeane,flowdeane3e@independent.co.uk,Male,mastercard
124,Guy,FitzAlan,gfitzalan3f@redcross.org,Male,jcb
125,Georas,Monro,gmonro3g@unblog.fr,Male,maestro
126,Christye,Lisamore,clisamore3h@canalblog.com,Female,mastercard
127,Torrey,Wynter,twynter3i@amazon.co.uk,Male,jcb
128,Bax,Sharpous,bsharpous3j@yolasite.com,Male,jcb
129,Justin,Treffrey,jtreffrey3k@hatena.ne.jp,Male,jcb
130,Gideon,Tissier,gtissier3l@myspace.com,Male,maestro
131,Mariam,Ahren,mahren3m@sun.com,Female,maestro
132,Mickie,Pirelli,mpirelli3n@goo.ne.jp,Male,mastercard
133,Shae,Ellingworth,sellingworth3o@unblog.fr,Male,diners-club-us-ca
134,Florie,Hayesman,fhayesman3p@huffingtonpost.com,Female,diners-club-carte-blanche
135,Nickolas,Vaan,nvaan3q@weibo.com,Male,china-unionpay
136,Arie,Saintsbury,asaintsbury3r@yahoo.co.jp,Male,bankcard
137,Cami,Andino,candino3s@t.co,Female,visa-electron
138,Octavia,Gwyllt,ogwyllt3t@psu.edu,Female,jcb
139,Ingamar,Bossingham,ibossingham3u@cornell.edu,Male,jcb
140,Quintin,Stirman,qstirman3v@vk.com,Male,bankcard
141,Kelby,Muckart,kmuckart3w@huffingtonpost.com,Male,diners-club-us-ca
142,Jase,Dungay,jdungay3x@reverbnation.com,Male,jcb
143,Merlina,Roughley,mroughley3y@51.la,Female,jcb
144,Stacie,Clemett,sclemett3z@acquirethisname.com,Female,jcb
145,Kessia,Freeland,kfreeland40@github.com,Female,maestro
146,Lonny,Rohan,lrohan41@reuters.com,Male,china-unionpay
147,Frederigo,Tyrone,ftyrone42@chicagotribune.com,Male,jcb
148,Weidar,Crop,wcrop43@independent.co.uk,Male,switch
149,Allene,Rangall,arangall44@bandcamp.com,Female,jcb
150,Ephrayim,Maypowder,emaypowder45@yandex.ru,Male,jcb
151,Howey,Foulger,hfoulger46@abc.net.au,Male,jcb
152,Cathe,Wiggington,cwiggington47@npr.org,Female,diners-club-carte-blanche
153,Luci,Trounce,ltrounce48@umn.edu,Female,bankcard
154,Owen,Primo,oprimo49@nydailynews.com,Male,switch
155,Tobit,Woodburne,twoodburne4a@skype.com,Male,americanexpress
156,Leone,Beare,lbeare4b@theguardian.com,Female,americanexpress
157,Norris,Faraker,nfaraker4c@bbb.org,Male,jcb
158,Rory,Gath,rgath4d@wix.com,Female,jcb
159,Rubi,Burroughes,rburroughes4e@furl.net,Female,china-unionpay
160,Aidan,Coope,acoope4f@nps.gov,Female,diners-club-enroute
161,Maurie,Siemandl,msiemandl4g@aboutads.info,Male,mastercard
162,Nicolais,Geratt,ngeratt4h@shinystat.com,Male,mastercard
163,Marcelline,Acland,macland4i@ow.ly,Female,jcb
164,Lyndsie,Thacke,lthacke4j@ebay.co.uk,Female,jcb
165,Caleb,Hinemoor,chinemoor4k@scientificamerican.com,Male,jcb
166,Miranda,Coultard,mcoultard4l@wp.com,Female,switch
167,Wake,Brockman,wbrockman4m@army.mil,Male,china-unionpay
168,Sukey,Vondrach,svondrach4n@clickbank.net,Female,jcb
169,Eldon,Scrowston,escrowston4o@buzzfeed.com,Male,jcb
170,Nestor,Rannald,nrannald4p@usnews.com,Male,mastercard
171,Melanie,Kerley,mkerley4q@networkadvertising.org,Female,jcb
172,Claudina,Georger,cgeorger4r@geocities.jp,Female,mastercard
173,Richie,Loosley,rloosley4s@edublogs.org,Male,diners-club-enroute
174,Marti,Mogford,mmogford4t@foxnews.com,Female,mastercard
175,Godfree,Keenlyside,gkeenlyside4u@ocn.ne.jp,Male,jcb
176,Drake,Bissex,dbissex4v@mtv.com,Male,china-unionpay
177,Alec,Jachtym,ajachtym4w@wiley.com,Male,mastercard
178,Percival,Crole,pcrole4x@cnbc.com,Male,jcb
179,Fraze,Springle,fspringle4y@bluehost.com,Male,jcb
180,Donnie,Attwood,dattwood4z@simplemachines.org,Female,mastercard
181,Boot,Ferreri,bferreri50@usa.gov,Male,jcb
182,Dalenna,Desseine,ddesseine51@chron.com,Female,jcb
183,Beverlee,Darbon,bdarbon52@hc360.com,Female,jcb
184,Hedda,Grief,hgrief53@wufoo.com,Female,jcb
185,Florri,Howood,fhowood54@shinystat.com,Female,switch
186,Hartley,St Ledger,hstledger55@themeforest.net,Male,switch
187,Byrom,Velden,bvelden56@comcast.net,Male,visa-electron
188,Ker,Kohler,kkohler57@businessweek.com,Male,diners-club-enroute
189,Hinze,Ruddoch,hruddoch58@cnet.com,Male,jcb
190,Orville,Morando,omorando59@sina.com.cn,Male,americanexpress
191,Neilla,Olyunin,nolyunin5a@spotify.com,Female,jcb
192,Naomi,Strauss,nstrauss5b@spotify.com,Female,mastercard
193,Isabeau,Broadfoot,ibroadfoot5c@blogs.com,Female,jcb
194,Devi,Linkie,dlinkie5d@theatlantic.com,Female,maestro
195,Sullivan,Lemar,slemar5e@adobe.com,Male,jcb
196,Barbee,Rudall,brudall5f@acquirethisname.com,Female,americanexpress
197,Stephani,Racine,sracine5g@discuz.net,Female,maestro
198,William,Eminson,weminson5h@constantcontact.com,Male,americanexpress
199,Grant,Dreus,gdreus5i@ameblo.jp,Male,diners-club-carte-blanche
200,Sarge,Meiklem,smeiklem5j@tinypic.com,Male,visa-electron
201,Kordula,Dybald,kdybald5k@zdnet.com,Female,jcb
202,Onofredo,Simants,osimants5l@blogtalkradio.com,Male,visa-electron
203,Teddi,Leither,tleither5m@newyorker.com,Female,switch
204,Daphene,Blondel,dblondel5n@godaddy.com,Female,jcb
205,Ellary,Varney,evarney5o@cam.ac.uk,Male,jcb
206,Sacha,Klimmek,sklimmek5p@networkadvertising.org,Female,jcb
207,Eolanda,Sweeney,esweeney5q@booking.com,Female,jcb
208,Zorana,Fluck,zfluck5r@myspace.com,Female,switch
209,Roarke,Winspurr,rwinspurr5s@loc.gov,Male,americanexpress
210,Jo,Cummins,jcummins5t@adobe.com,Female,visa
211,Freedman,Rebbeck,frebbeck5u@blinklist.com,Male,diners-club-enroute
212,Rina,Stenet,rstenet5v@unesco.org,Female,jcb
213,Danna,Colbeck,dcolbeck5w@vistaprint.com,Female,jcb
214,Nahum,Berling,nberling5x@ucsd.edu,Male,jcb
215,Siward,Cleverley,scleverley5y@barnesandnoble.com,Male,visa-electron
216,Gertrude,Demageard,gdemageard5z@vinaora.com,Female,instapayment
217,Eleni,Jelphs,ejelphs60@intel.com,Female,visa-electron
218,Nelle,Tripett,ntripett61@linkedin.com,Female,jcb
219,Calhoun,Bonas,cbonas62@rediff.com,Male,switch
220,Cullan,Eusden,ceusden63@jimdo.com,Male,jcb
221,Callida,Levicount,clevicount64@mediafire.com,Female,jcb
222,Ansel,Aveson,aaveson65@kickstarter.com,Male,diners-club-carte-blanche
223,Penelope,Gitting,pgitting66@dell.com,Female,visa
224,Inessa,Klicher,iklicher67@prlog.org,Female,jcb
225,Dex,Yanele,dyanele68@globo.com,Male,diners-club-carte-blanche
226,Elset,Galler,egaller69@freewebs.com,Female,visa-electron
227,Cart,Hussey,chussey6a@businesswire.com,Male,jcb
228,Bentley,St. Quentin,bstquentin6b@forbes.com,Male,visa-electron
229,Antonius,Johannesson,ajohannesson6c@npr.org,Male,visa
230,Wendy,Leroy,wleroy6d@zdnet.com,Female,diners-club-carte-blanche
231,Demetra,Darton,ddarton6e@liveinternet.ru,Female,mastercard
232,Benni,Samarth,bsamarth6f@virginia.edu,Female,jcb
233,Horatius,Hawler,hhawler6g@php.net,Male,visa-electron
234,Melly,Agostini,magostini6h@fema.gov,Female,visa-electron
235,Zollie,Yude,zyude6i@bloglines.com,Male,jcb
236,Denys,Bugg,dbugg6j@tripod.com,Male,switch
237,Tab,Lukianov,tlukianov6k@myspace.com,Male,solo
238,Jack,Posselwhite,jposselwhite6l@163.com,Male,visa-electron
239,Rosabelle,Dudman,rdudman6m@weebly.com,Female,visa
240,Hephzibah,Pichan,hpichan6n@amazon.de,Female,jcb
241,Leroi,Stainburn,lstainburn6o@twitpic.com,Male,jcb
242,Ken,Mallinson,kmallinson6p@ft.com,Male,jcb
243,Chrystel,Bome,cbome6q@xing.com,Female,mastercard
244,Osbert,Rathborne,orathborne6r@businessweek.com,Male,americanexpress
245,Antony,Midghall,amidghall6s@uiuc.edu,Male,switch
246,Pate,Lightwing,plightwing6t@indiatimes.com,Male,bankcard
247,Thorstein,Tenaunt,ttenaunt6u@cisco.com,Male,diners-club-enroute
248,Cordelie,Lyddiatt,clyddiatt6v@sakura.ne.jp,Female,jcb
249,Christy,Curnok,ccurnok6w@blinklist.com,Male,jcb
250,Ardys,Puddefoot,apuddefoot6x@smh.com.au,Female,visa-electron
251,Binni,Cullingworth,bcullingworth6y@adobe.com,Female,maestro
252,Creigh,Mc Carroll,cmccarroll6z@state.gov,Male,jcb
253,Anallise,Scading,ascading70@4shared.com,Female,jcb
254,Hugibert,Folkes,hfolkes71@zdnet.com,Male,jcb
255,Bradan,Larroway,blarroway72@bloomberg.com,Male,jcb
256,Merill,Duffin,mduffin73@ustream.tv,Male,americanexpress
257,Glad,Reicharz,greicharz74@shareasale.com,Female,jcb
258,Cos,Hanwell,chanwell75@cloudflare.com,Male,jcb
259,Jordanna,Jickells,jjickells76@dropbox.com,Female,jcb
260,Jorry,Clever,jclever77@paypal.com,Female,jcb
261,Thibaut,Lopez,tlopez78@nyu.edu,Male,jcb
262,Krissie,Camous,kcamous79@omniture.com,Female,mastercard
263,Spike,MacFayden,smacfayden7a@liveinternet.ru,Male,instapayment
264,Kore,Legen,klegen7b@usatoday.com,Female,jcb
265,Carolyne,Gutowski,cgutowski7c@networksolutions.com,Female,bankcard
266,Eric,Fredy,efredy7d@tripadvisor.com,Male,jcb
267,Dougy,Rodear,drodear7e@huffingtonpost.com,Male,visa-electron
268,Justus,Hasel,jhasel7f@dagondesign.com,Male,visa
269,Stanislas,Bythway,sbythway7g@va.gov,Male,jcb
270,Gus,Dimitrijevic,gdimitrijevic7h@clickbank.net,Male,mastercard
271,Cindy,Andrusov,candrusov7i@unesco.org,Female,switch
272,Diane-marie,Croney,dcroney7j@acquirethisname.com,Female,solo
273,Alix,Farlam,afarlam7k@devhub.com,Female,jcb
274,Danie,Kinane,dkinane7l@zimbio.com,Male,americanexpress
275,Ingelbert,Armatys,iarmatys7m@reuters.com,Male,jcb
276,Deb,McDell,dmcdell7n@hatena.ne.jp,Female,jcb
277,Anabella,Aleshkov,aaleshkov7o@amazon.co.uk,Female,bankcard
278,Syd,Petigrew,spetigrew7p@cnn.com,Male,jcb
279,Nisse,Buscher,nbuscher7q@washington.edu,Female,visa-electron
280,Shir,Maidlow,smaidlow7r@smugmug.com,Female,jcb
281,Harvey,Storrie,hstorrie7s@mapy.cz,Male,switch
282,Tanney,Lovemore,tlovemore7t@ebay.com,Male,diners-club-enroute
283,Brockie,Haliburton,bhaliburton7u@pcworld.com,Male,maestro
284,Obadiah,Alltimes,oalltimes7v@themeforest.net,Male,jcb
285,Julio,Trewhella,jtrewhella7w@woothemes.com,Male,switch
286,Misha,Mackie,mmackie7x@xrea.com,Female,laser
287,Emlen,Hould,ehould7y@infoseek.co.jp,Male,jcb
288,Grange,Branch,gbranch7z@pagesperso-orange.fr,Male,mastercard
289,Mathew,Watsham,mwatsham80@gizmodo.com,Male,visa-electron
290,Kattie,Perrington,kperrington81@surveymonkey.com,Female,visa
291,Alfy,Freak,afreak82@ucla.edu,Male,jcb
292,Daffie,Pimblotte,dpimblotte83@jalbum.net,Female,americanexpress
293,Torr,O'Doohaine,todoohaine84@toplist.cz,Male,jcb
294,Hubie,O'Logan,hologan85@indiegogo.com,Male,jcb
295,Avrom,Jobern,ajobern86@dyndns.org,Male,laser
296,Prinz,Lyard,plyard87@cocolog-nifty.com,Male,switch
297,Douglas,Guiu,dguiu88@mayoclinic.com,Male,diners-club-enroute
298,Siffre,Mordue,smordue89@studiopress.com,Male,mastercard
299,Antin,Palliser,apalliser8a@mail.ru,Male,switch
300,Lanita,Dowtry,ldowtry8b@facebook.com,Female,visa
301,Ginger,Cranna,gcranna8c@hhs.gov,Female,switch
302,Luca,Millington,lmillington8d@discuz.net,Male,jcb
303,Florina,Croome,fcroome8e@soundcloud.com,Female,jcb
304,Francis,Gatchell,fgatchell8f@fema.gov,Male,bankcard
305,Benji,Tatterton,btatterton8g@theguardian.com,Male,instapayment
306,Hazel,Ciobotaru,hciobotaru8h@furl.net,Male,instapayment
307,Tonya,Garrity,tgarrity8i@reddit.com,Female,jcb
308,Kendra,Matys,kmatys8j@ebay.com,Female,visa-electron
309,Tiffani,Jochanany,tjochanany8k@cnn.com,Female,instapayment
310,Galvin,Skaife d'Ingerthorpe,gskaifedingerthorpe8l@elegantthemes.com,Male,bankcard
311,Cass,Higgonet,chiggonet8m@sogou.com,Male,jcb
312,Artemis,Silwood,asilwood8n@stumbleupon.com,Male,jcb
313,Viviyan,Nannetti,vnannetti8o@prweb.com,Female,diners-club-carte-blanche
314,Yovonnda,Revans,yrevans8p@macromedia.com,Female,jcb
315,Tobi,Ozelton,tozelton8q@umich.edu,Female,jcb
316,Corny,Scotchbrook,cscotchbrook8r@redcross.org,Male,maestro
317,Miner,Edgars,medgars8s@dion.ne.jp,Male,jcb
318,Xever,Bennallck,xbennallck8t@stanford.edu,Male,bankcard
319,Pavel,Oiseau,poiseau8u@newyorker.com,Male,mastercard
320,Gaston,Seaman,gseaman8v@t-online.de,Male,switch
321,Bernadina,Bushell,bbushell8w@odnoklassniki.ru,Female,jcb
322,Anderea,Garbett,agarbett8x@lycos.com,Female,mastercard
323,Caralie,Grinham,cgrinham8y@ucoz.ru,Female,bankcard
324,Nowell,Happs,nhapps8z@princeton.edu,Male,switch
325,Alejandra,Lebourn,alebourn90@ucla.edu,Female,bankcard
326,Bernie,Rubertelli,brubertelli91@constantcontact.com,Male,switch
327,Nevil,Desborough,ndesborough92@smh.com.au,Male,diners-club-carte-blanche
328,Gardner,Ellicock,gellicock93@bizjournals.com,Male,instapayment
329,Sallee,Jeafferson,sjeafferson94@comsenz.com,Female,china-unionpay
330,Malorie,Turvey,mturvey95@yahoo.com,Female,maestro
331,Garrek,Marshall,gmarshall96@foxnews.com,Male,diners-club-international
332,Ogdan,Blackaller,oblackaller97@wiley.com,Male,americanexpress
333,Teddy,Addeycott,taddeycott98@eepurl.com,Female,solo
334,Giselbert,Hartness,ghartness99@xing.com,Male,jcb
335,Carmelle,Archer,carcher9a@irs.gov,Female,china-unionpay
336,Florentia,Domino,fdomino9b@auda.org.au,Female,jcb
337,Hana,Lewty,hlewty9c@blinklist.com,Female,jcb
338,Irvine,Linning,ilinning9d@hugedomains.com,Male,jcb
339,Standford,Heggison,sheggison9e@whitehouse.gov,Male,mastercard
340,Priscella,Maruszewski,pmaruszewski9f@arstechnica.com,Female,jcb
341,Dewain,Ollerhead,dollerhead9g@bbc.co.uk,Male,solo
342,Ax,Kamen,akamen9h@blogtalkradio.com,Male,maestro
343,Erv,Lewson,elewson9i@cbc.ca,Male,jcb
344,Blondy,O'Kielt,bokielt9j@npr.org,Female,visa
345,Kory,Nelle,knelle9k@fc2.com,Male,diners-club-carte-blanche
346,Auria,Bawme,abawme9l@cyberchimps.com,Female,maestro
347,Susanne,Welfare,swelfare9m@wikipedia.org,Female,diners-club-enroute
348,Sher,Peasey,speasey9n@wix.com,Female,jcb
349,Lindie,Georgescu,lgeorgescu9o@imdb.com,Female,diners-club-enroute
350,Norbert,Ewen,newen9p@fotki.com,Male,mastercard
351,Tammara,Kitteridge,tkitteridge9q@so-net.ne.jp,Female,china-unionpay
352,Antony,MacDonnell,amacdonnell9r@printfriendly.com,Male,china-unionpay
353,Adolpho,Dyer,adyer9s@networksolutions.com,Male,jcb
354,Annadiane,Yearron,ayearron9t@umich.edu,Female,visa
355,Nikita,Corkan,ncorkan9u@amazon.de,Male,jcb
356,Veronike,Winnister,vwinnister9v@networksolutions.com,Female,maestro
357,Mordecai,Laing,mlaing9w@cam.ac.uk,Male,instapayment
358,Gary,Gyves,ggyves9x@nature.com,Male,mastercard
359,Valentin,Readhead,vreadhead9y@ning.com,Male,jcb
360,Nicolas,Tooby,ntooby9z@omniture.com,Male,laser
361,Brigham,Robeson,brobesona0@unicef.org,Male,diners-club-enroute
362,Caroljean,Bachanski,cbachanskia1@phpbb.com,Female,jcb
363,Tallie,Spratt,tspratta2@ask.com,Female,jcb
364,Mayor,Frean,mfreana3@businesswire.com,Male,solo
365,Onofredo,Syddon,osyddona4@indiegogo.com,Male,jcb
366,Dahlia,Eady,deadya5@newyorker.com,Female,diners-club-carte-blanche
367,Lyon,Yakov,lyakova6@sakura.ne.jp,Male,mastercard
368,Richart,Dudden,rduddena7@nsw.gov.au,Male,jcb
369,Casey,Woodus,cwoodusa8@techcrunch.com,Male,jcb
370,Immanuel,Lattimore,ilattimorea9@marketwatch.com,Male,jcb
371,Marisa,Humphery,mhumpheryaa@yelp.com,Female,laser
372,Lavinie,Ivashev,livashevab@wisc.edu,Female,maestro
373,Farand,Ropkins,fropkinsac@comsenz.com,Female,jcb
374,Ches,Molesworth,cmolesworthad@miitbeian.gov.cn,Male,switch
375,Aline,Hesse,ahesseae@google.cn,Female,jcb
376,Axe,Norkett,anorkettaf@surveymonkey.com,Male,americanexpress
377,Trixy,Zarfati,tzarfatiag@nationalgeographic.com,Female,visa-electron
378,Raynell,Nitti,rnittiah@godaddy.com,Female,jcb
379,Derby,Allot,dallotai@usgs.gov,Male,bankcard
380,Maxy,Mardee,mmardeeaj@meetup.com,Male,instapayment
381,Derick,Logsdail,dlogsdailak@tmall.com,Male,visa
382,Ashlee,Pigot,apigotal@businessinsider.com,Female,jcb
383,Gene,Lavington,glavingtonam@sohu.com,Male,jcb
384,Bev,Louedey,blouedeyan@feedburner.com,Male,jcb
385,Victoria,Rawstorne,vrawstorneao@unc.edu,Female,switch
386,Samson,Aubery,sauberyap@virginia.edu,Male,jcb
387,Giulio,Fosberry,gfosberryaq@examiner.com,Male,americanexpress
388,Alecia,Paye,apayear@dell.com,Female,jcb
389,Yorgo,Baddam,ybaddamas@ox.ac.uk,Male,jcb
390,Denny,Strowthers,dstrowthersat@wikispaces.com,Female,visa-electron
391,Robinet,Ebenezer,rebenezerau@surveymonkey.com,Male,jcb
392,Galven,Filippozzi,gfilippozziav@etsy.com,Male,mastercard
393,Evelina,Mumbey,emumbeyaw@artisteer.com,Female,diners-club-carte-blanche
394,Easter,Gozzett,egozzettax@thetimes.co.uk,Female,mastercard
395,Abbye,Grigore,agrigoreay@dagondesign.com,Female,bankcard
396,Roxanne,Daudray,rdaudrayaz@deliciousdays.com,Female,switch
397,Concettina,Scutts,cscuttsb0@tmall.com,Female,visa
398,Jarred,Guiness,jguinessb1@spotify.com,Male,jcb
399,Morganne,Shewsmith,mshewsmithb2@tumblr.com,Female,diners-club-us-ca
400,Sylvester,Vassel,svasselb3@ed.gov,Male,bankcard
401,Florina,Borris,fborrisb4@aol.com,Female,maestro
402,Monti,Reck,mreckb5@bing.com,Male,jcb
403,Jeremie,Fettis,jfettisb6@typepad.com,Male,instapayment
404,Bogart,Daldan,bdaldanb7@paypal.com,Male,americanexpress
405,Godart,Holliar,gholliarb8@vistaprint.com,Male,diners-club-us-ca
406,Ryley,Haimes,rhaimesb9@addtoany.com,Male,bankcard
407,Hermia,Jouhan,hjouhanba@ca.gov,Female,jcb
408,Sarina,Ege,segebb@a8.net,Female,maestro
409,Cordie,Bleiman,cbleimanbc@webmd.com,Male,mastercard
410,Lana,Cella,lcellabd@indiatimes.com,Female,jcb
411,Sarajane,Kennally,skennallybe@gmpg.org,Female,jcb
412,Shannan,Halbard,shalbardbf@yolasite.com,Male,mastercard
413,Tremayne,Mattersey,tmatterseybg@deliciousdays.com,Male,bankcard
414,Lonny,Buxton,lbuxtonbh@about.com,Male,switch
415,Henrie,Killingworth,hkillingworthbi@fastcompany.com,Female,diners-club-carte-blanche
416,Luca,Cubbit,lcubbitbj@dedecms.com,Male,switch
417,Gregorio,Eustace,geustacebk@unblog.fr,Male,maestro
418,Evita,Sawl,esawlbl@blogspot.com,Female,mastercard
419,Warren,Dickerline,wdickerlinebm@1und1.de,Male,china-unionpay
420,Lelia,Lytton,llyttonbn@github.com,Female,jcb
421,Jean,Zettoi,jzettoibo@cam.ac.uk,Male,jcb
422,Isacco,Thomason,ithomasonbp@blogtalkradio.com,Male,americanexpress
423,Nicolas,Duckit,nduckitbq@imdb.com,Male,solo
424,Jarad,Mansbridge,jmansbridgebr@ted.com,Male,switch
425,Andy,Finker,afinkerbs@alexa.com,Female,jcb
426,Hodge,Vasilechko,hvasilechkobt@paypal.com,Male,jcb
427,Gerti,MacLardie,gmaclardiebu@ucsd.edu,Female,mastercard
428,Gabriella,Beaford,gbeafordbv@yolasite.com,Female,mastercard
429,Milton,Baltrushaitis,mbaltrushaitisbw@netlog.com,Male,jcb
430,Vivyan,Venard,vvenardbx@disqus.com,Female,americanexpress
431,Ken,Ethridge,kethridgeby@odnoklassniki.ru,Male,visa
432,Antonella,Tipton,atiptonbz@youtu.be,Female,jcb
433,Ozzie,Sprade,ospradec0@cdc.gov,Male,diners-club-carte-blanche
434,Konstantine,Ovize,kovizec1@yahoo.com,Male,jcb
435,Morganne,Pordall,mpordallc2@usa.gov,Female,jcb
436,Sid,Acey,saceyc3@histats.com,Male,jcb
437,Romona,Scheffler,rschefflerc4@newyorker.com,Female,jcb
438,Adela,Weems,aweemsc5@adobe.com,Female,diners-club-international
439,Annissa,Kirke,akirkec6@woothemes.com,Female,mastercard
440,Kain,Hunsworth,khunsworthc7@miitbeian.gov.cn,Male,china-unionpay
441,Barrie,Zanotti,bzanottic8@cisco.com,Male,mastercard
442,Walden,De Bellis,wdebellisc9@yandex.ru,Male,china-unionpay
443,Byrom,Forlong,bforlongca@squarespace.com,Male,americanexpress
444,Brooke,Mahody,bmahodycb@alexa.com,Female,jcb
445,Kerrill,Tatersale,ktatersalecc@google.co.uk,Female,jcb
446,Rodger,Danilchenko,rdanilchenkocd@dot.gov,Male,bankcard
447,Lydie,Struis,lstruisce@cdc.gov,Female,jcb
448,Filmore,Tatteshall,ftatteshallcf@soundcloud.com,Male,jcb
449,Tommie,Blumfield,tblumfieldcg@nyu.edu,Male,visa-electron
450,Brandy,Apthorpe,bapthorpech@yahoo.com,Female,bankcard
451,Conan,D'Alesio,cdalesioci@comsenz.com,Male,jcb
452,Ruttger,Stonestreet,rstonestreetcj@ihg.com,Male,jcb
453,Walliw,Jerrams,wjerramsck@example.com,Female,mastercard
454,Lesly,Dearlove,ldearlovecl@salon.com,Female,mastercard
455,Violet,Cawthry,vcawthrycm@hibu.com,Female,jcb
456,Immanuel,Fawthorpe,ifawthorpecn@imdb.com,Male,jcb
457,Carma,Trembath,ctrembathco@vimeo.com,Female,laser
458,Jareb,Pucker,jpuckercp@thetimes.co.uk,Male,diners-club-enroute
459,Aylmer,O'Shirine,aoshirinecq@gmpg.org,Male,jcb
460,Mia,Slorance,mslorancecr@twitter.com,Female,jcb
461,Pacorro,Alekseicik,palekseicikcs@oracle.com,Male,solo
462,Brynn,Bottleson,bbottlesonct@nature.com,Female,jcb
463,Aeriell,Hewell,ahewellcu@ibm.com,Female,jcb
464,Kandy,Normadell,knormadellcv@cbslocal.com,Female,visa-electron
465,Alysia,Woffinden,awoffindencw@sciencedirect.com,Female,americanexpress
466,Chrystal,Hitzke,chitzkecx@usnews.com,Female,jcb
467,Perceval,Stowe,pstowecy@columbia.edu,Male,jcb
468,Richmound,Pennacci,rpennaccicz@facebook.com,Male,jcb
469,Matilda,Gagin,mgagind0@hostgator.com,Female,jcb
470,Cory,Seal,cseald1@friendfeed.com,Male,visa-electron
471,Michail,Tawton,mtawtond2@eventbrite.com,Male,mastercard
472,Adriaens,Nolleau,anolleaud3@networksolutions.com,Female,jcb
473,Sarina,Gouldeby,sgouldebyd4@tinypic.com,Female,jcb
474,Jeno,Sleet,jsleetd5@berkeley.edu,Male,visa-electron
475,Kele,Gaitone,kgaitoned6@army.mil,Male,mastercard
476,Tracee,Kevern,tkevernd7@senate.gov,Female,solo
477,Stefania,Fedynski,sfedynskid8@cam.ac.uk,Female,jcb
478,Lazarus,De Pietri,ldepietrid9@cargocollective.com,Male,jcb
479,Fredek,Barlee,fbarleeda@t.co,Male,jcb
480,Remus,Wesker,rweskerdb@tripod.com,Male,mastercard
481,Inez,Deighan,ideighandc@sfgate.com,Female,diners-club-us-ca
482,Rosabel,Kelcey,rkelceydd@homestead.com,Female,instapayment
483,Olga,Grut,ogrutde@tinyurl.com,Female,diners-club-carte-blanche
484,Ethelyn,Abyss,eabyssdf@mysql.com,Female,visa
485,Blane,Toulch,btoulchdg@slideshare.net,Male,laser
486,Bennie,Ornelas,bornelasdh@yahoo.com,Male,laser
487,Merissa,Letixier,mletixierdi@is.gd,Female,diners-club-carte-blanche
488,Ad,Whitmore,awhitmoredj@elpais.com,Male,jcb
489,Traci,Gatchell,tgatchelldk@fda.gov,Female,bankcard
490,Deanne,Jaquiss,djaquissdl@nature.com,Female,jcb
491,Lauren,Leatham,lleathamdm@soundcloud.com,Female,bankcard
492,Olivero,O'Fairy,oofairydn@sbwire.com,Male,maestro
493,Netta,Benterman,nbentermando@msu.edu,Female,jcb
494,Herbie,Giacovetti,hgiacovettidp@weibo.com,Male,visa-electron
495,Celie,Wintour,cwintourdq@wp.com,Female,mastercard
496,Bertha,Celand,bcelanddr@cisco.com,Female,jcb
497,Osbourn,Mitrovic,omitrovicds@smh.com.au,Male,jcb
498,Roseanne,Povey,rpoveydt@utexas.edu,Female,switch
499,Gaelan,Dubock,gdubockdu@time.com,Male,visa-electron
500,Dennis,Boughton,dboughtondv@answers.com,Male,jcb
501,Hewe,Kissell,hkisselldw@w3.org,Male,mastercard
502,Randie,Savery,rsaverydx@jiathis.com,Female,diners-club-us-ca
503,Rusty,Rawls,rrawlsdy@miitbeian.gov.cn,Male,jcb
504,Reynolds,Davies,rdaviesdz@pagesperso-orange.fr,Male,maestro
505,Roderic,Bobasch,rbobasche0@xinhuanet.com,Male,jcb
506,Gabbie,Britt,gbritte1@yahoo.com,Male,diners-club-enroute
507,Maximilianus,Punton,mpuntone2@t.co,Male,switch
508,Lorilyn,Cane,lcanee3@samsung.com,Female,maestro
509,Nancey,Di Ruggero,ndiruggeroe4@google.it,Female,jcb
510,Bendix,Blissett,bblissette5@naver.com,Male,diners-club-enroute
511,Lisa,Trotton,ltrottone6@umich.edu,Female,jcb
512,Jacenta,Moon,jmoone7@multiply.com,Female,jcb
513,Geordie,Godlee,ggodleee8@toplist.cz,Male,diners-club-enroute
514,Yetta,Delve,ydelvee9@etsy.com,Female,diners-club-us-ca
515,Gustavus,Ferrer,gferrerea@cpanel.net,Male,visa
516,Kennan,Hadgkiss,khadgkisseb@cornell.edu,Male,diners-club-carte-blanche
517,Aubrette,Claw,aclawec@ocn.ne.jp,Female,jcb
518,Dacie,Kenrick,dkenricked@elpais.com,Female,jcb
519,Barry,L'argent,blargentee@liveinternet.ru,Male,jcb
520,Mufinella,Luxmoore,mluxmooreef@angelfire.com,Female,jcb
521,Roberto,Dodd,rdoddeg@stumbleupon.com,Male,jcb
522,Damara,Prettyjohn,dprettyjohneh@multiply.com,Female,jcb
523,Andres,Tonbridge,atonbridgeei@washington.edu,Male,jcb
524,Loydie,Dowyer,ldowyerej@sfgate.com,Male,bankcard
525,Melodee,Battlestone,mbattlestoneek@is.gd,Female,bankcard
526,Ursula,Kitman,ukitmanel@netscape.com,Female,jcb
527,Graehme,De Ferraris,gdeferrarisem@topsy.com,Male,jcb
528,Joly,Duran,jduranen@uol.com.br,Female,visa-electron
529,Mathilde,Toderbrugge,mtoderbruggeeo@amazon.co.jp,Female,jcb
530,Carleen,Rawsen,crawsenep@netscape.com,Female,americanexpress
531,Niel,Howarth,nhowartheq@stumbleupon.com,Male,jcb
532,Gerri,Prall,gpraller@sfgate.com,Female,americanexpress
533,Venus,Dunlap,vdunlapes@hc360.com,Female,switch
534,Allan,Wilber,awilberet@redcross.org,Male,americanexpress
535,Leigh,Worral,lworraleu@thetimes.co.uk,Male,jcb
536,Gradeigh,Sapsed,gsapsedev@printfriendly.com,Male,diners-club-international
537,Elna,Sill,esillew@google.com,Female,jcb
538,Chantal,Casazza,ccasazzaex@china.com.cn,Female,jcb
539,Giacinta,Proudlove,gproudloveey@kickstarter.com,Female,jcb
540,Egbert,Searight,esearightez@sogou.com,Male,jcb
541,Vasily,Huckerbe,vhuckerbef0@yahoo.com,Male,diners-club-enroute
542,Udale,Demange,udemangef1@tinyurl.com,Male,jcb
543,Jarrid,Massow,jmassowf2@mysql.com,Male,maestro
544,Jaquelyn,Houtby,jhoutbyf3@ucla.edu,Female,jcb
545,Jaquenette,Jamson,jjamsonf4@bloglines.com,Female,jcb
546,Gorden,Chomiszewski,gchomiszewskif5@drupal.org,Male,jcb
547,Brook,Janecek,bjanecekf6@liveinternet.ru,Female,jcb
548,Oralia,Burge,oburgef7@accuweather.com,Female,jcb
549,Sutherlan,Ugolotti,sugolottif8@constantcontact.com,Male,jcb
550,Eugine,White,ewhitef9@rambler.ru,Female,jcb
551,Evelina,Wilkennson,ewilkennsonfa@hubpages.com,Female,jcb
552,Patton,Domange,pdomangefb@miitbeian.gov.cn,Male,jcb
553,Serena,Paunsford,spaunsfordfc@xing.com,Female,visa-electron
554,Anselma,Haining,ahainingfd@ezinearticles.com,Female,maestro
555,Vittoria,Shackesby,vshackesbyfe@pbs.org,Female,diners-club-carte-blanche
556,Harland,Averay,haverayff@squidoo.com,Male,mastercard
557,Babara,Candwell,bcandwellfg@yelp.com,Female,jcb
558,Cosme,Colaco,ccolacofh@ftc.gov,Male,diners-club-enroute
559,Tommi,Vigers,tvigersfi@sbwire.com,Female,laser
560,Barny,Dykes,bdykesfj@clickbank.net,Male,visa-electron
561,Gillan,Lillgard,glillgardfk@skype.com,Female,jcb
562,Coralie,Kittoe,ckittoefl@cocolog-nifty.com,Female,bankcard
563,Tabby,Franceschino,tfranceschinofm@qq.com,Female,jcb
564,Brennen,Cadamy,bcadamyfn@cnet.com,Male,jcb
565,Edik,Innocenti,einnocentifo@walmart.com,Male,jcb
566,Erroll,Kier,ekierfp@wordpress.org,Male,maestro
567,Archambault,Biggar,abiggarfq@princeton.edu,Male,mastercard
568,Appolonia,Goad,agoadfr@biglobe.ne.jp,Female,maestro
569,Aimee,Paffot,apaffotfs@unblog.fr,Female,jcb
570,Armin,Aymer,aaymerft@blinklist.com,Male,switch
571,Maible,Kidson,mkidsonfu@salon.com,Female,jcb
572,Foster,Glison,fglisonfv@mlb.com,Male,visa
573,Rahel,Bumphrey,rbumphreyfw@sun.com,Female,switch
574,Marylin,Enderby,menderbyfx@geocities.jp,Female,mastercard
575,Cecil,Seleway,cselewayfy@chicagotribune.com,Male,jcb
576,Eldridge,Skocroft,eskocroftfz@auda.org.au,Male,mastercard
577,Seana,Greenleaf,sgreenleafg0@slate.com,Female,jcb
578,Jeremie,Vellender,jvellenderg1@cyberchimps.com,Male,jcb
579,Ellissa,Royds,eroydsg2@latimes.com,Female,jcb
580,Brodie,Vedyaev,bvedyaevg3@samsung.com,Male,visa-electron
581,Adams,McGeraghty,amcgeraghtyg4@opera.com,Male,bankcard
582,Rowney,Flaxman,rflaxmang5@mapquest.com,Male,mastercard
583,Ethan,Johansson,ejohanssong6@un.org,Male,jcb
584,Hayyim,Ginnelly,hginnellyg7@techcrunch.com,Male,visa-electron
585,Lanny,Adamec,ladamecg8@wisc.edu,Male,mastercard
586,Wylie,Doldon,wdoldong9@techcrunch.com,Male,jcb
587,Merrily,Fownes,mfownesga@is.gd,Female,bankcard
588,Aldous,Southeran,asoutherangb@multiply.com,Male,diners-club-carte-blanche
589,Bell,Ebbing,bebbinggc@smugmug.com,Female,laser
590,Christa,Pearmine,cpearminegd@yandex.ru,Female,americanexpress
591,Gabriel,Loalday,gloaldayge@google.it,Male,diners-club-enroute
592,Heloise,Rawsen,hrawsengf@vinaora.com,Female,americanexpress
593,Wally,Mugglestone,wmugglestonegg@yelp.com,Female,jcb
594,Sydney,Dodding,sdoddinggh@upenn.edu,Male,americanexpress
595,Trixi,Fradgley,tfradgleygi@hexun.com,Female,mastercard
596,Tamra,Dosedale,tdosedalegj@va.gov,Female,jcb
597,Jonie,Kordovani,jkordovanigk@vimeo.com,Female,jcb
598,Anett,Trengove,atrengovegl@youku.com,Female,diners-club-us-ca
599,Rubia,Taber,rtabergm@gravatar.com,Female,jcb
600,Amaleta,Thicking,athickinggn@nhs.uk,Female,diners-club-us-ca
601,Valentino,Redhills,vredhillsgo@woothemes.com,Male,jcb
602,Pancho,Peyto,ppeytogp@vistaprint.com,Male,instapayment
603,Brier,Dyers,bdyersgq@spotify.com,Female,diners-club-enroute
604,Lani,Juan,ljuangr@taobao.com,Female,mastercard
605,Alta,Wheadon,awheadongs@csmonitor.com,Female,mastercard
606,Shea,Castagneto,scastagnetogt@sciencedaily.com,Male,jcb
607,Krystle,Lohde,klohdegu@digg.com,Female,visa-electron
608,Niki,Giddy,ngiddygv@tinypic.com,Male,visa
609,Jeanne,Lacoste,jlacostegw@usgs.gov,Female,jcb
610,Koo,Sallings,ksallingsgx@examiner.com,Female,diners-club-carte-blanche
611,Pauly,Agnew,pagnewgy@irs.gov,Male,diners-club-carte-blanche
612,Bryn,Shillabeer,bshillabeergz@telegraph.co.uk,Male,laser
613,Sibilla,Aarons,saaronsh0@pagesperso-orange.fr,Female,switch
614,Olav,Grinsdale,ogrinsdaleh1@arstechnica.com,Male,jcb
615,Jacquetta,Dudin,jdudinh2@webeden.co.uk,Female,mastercard
616,Timmie,Warratt,twarratth3@smh.com.au,Female,jcb
617,Guglielmo,Copp,gcopph4@deliciousdays.com,Male,switch
618,Bartolemo,Duckhouse,bduckhouseh5@noaa.gov,Male,visa
619,Nara,Meaden,nmeadenh6@163.com,Female,jcb
620,Nichole,Livock,nlivockh7@histats.com,Female,switch
621,Quintilla,Cullotey,qculloteyh8@unesco.org,Female,mastercard
622,Caldwell,Connolly,cconnollyh9@moonfruit.com,Male,solo
623,Joceline,Hedney,jhedneyha@goo.gl,Female,jcb
624,Beale,Iwanicki,biwanickihb@rambler.ru,Male,laser
625,Monica,Oughton,moughtonhc@vistaprint.com,Female,jcb
626,Dottie,Screas,dscreashd@umn.edu,Female,bankcard
627,Grace,Geraldez,ggeraldezhe@github.com,Female,mastercard
628,Sarah,Rosentholer,srosentholerhf@aol.com,Female,jcb
629,Laney,Canfield,lcanfieldhg@istockphoto.com,Male,jcb
630,Maxine,Nore,mnorehh@rambler.ru,Female,switch
631,Candide,Burden,cburdenhi@dmoz.org,Female,jcb
632,Albrecht,Uglow,auglowhj@independent.co.uk,Male,mastercard
633,Lorilee,Cuseick,lcuseickhk@redcross.org,Female,jcb
634,Anjanette,Vamplers,avamplershl@ucoz.com,Female,americanexpress
635,Anson,Arnoldi,aarnoldihm@goodreads.com,Male,maestro
636,Nyssa,Criag,ncriaghn@weebly.com,Female,mastercard
637,Iggie,McAlindon,imcalindonho@phpbb.com,Male,jcb
638,Rafferty,Longwood,rlongwoodhp@skyrock.com,Male,mastercard
639,Galvan,Carman,gcarmanhq@list-manage.com,Male,diners-club-international
640,Chick,Tieraney,ctieraneyhr@chicagotribune.com,Male,diners-club-enroute
641,Zachary,Averill,zaverillhs@shareasale.com,Male,jcb
642,Kyle,Kilshaw,kkilshawht@weather.com,Male,diners-club-carte-blanche
643,Kassie,Llewhellin,kllewhellinhu@jiathis.com,Female,jcb
644,Deena,Kless,dklesshv@shinystat.com,Female,jcb
645,Dana,Jouannisson,djouannissonhw@microsoft.com,Female,visa-electron
646,Yehudi,Millward,ymillwardhx@last.fm,Male,china-unionpay
647,Mycah,Skerratt,mskerratthy@who.int,Male,diners-club-enroute
648,Barnaby,Romi,bromihz@yahoo.com,Male,jcb
649,Saunder,Cartlidge,scartlidgei0@wordpress.com,Male,diners-club-carte-blanche
650,Jacqueline,Gordon-Giles,jgordongilesi1@illinois.edu,Female,jcb
651,Mariejeanne,Gluyus,mgluyusi2@1und1.de,Female,jcb
652,Elva,MacGiolla Pheadair,emacgiollapheadairi3@army.mil,Female,maestro
653,Ethelind,McRill,emcrilli4@samsung.com,Female,jcb
654,Wenda,Heersma,wheersmai5@networksolutions.com,Female,switch
655,Cornie,Quodling,cquodlingi6@europa.eu,Male,jcb
656,Claire,Grane,cgranei7@weebly.com,Female,mastercard
657,Beryle,Eastgate,beastgatei8@youtu.be,Female,jcb
658,Moyra,Barthrop,mbarthropi9@google.com.hk,Female,jcb
659,Dayna,Laurenceau,dlaurenceauia@yahoo.co.jp,Female,jcb
660,Dominica,Kuhlmey,dkuhlmeyib@gov.uk,Female,jcb
661,Hillie,Branca,hbrancaic@about.me,Male,jcb
662,Darrin,Tartt,dtarttid@meetup.com,Male,jcb
663,Dorice,Seamons,dseamonsie@ca.gov,Female,diners-club-enroute
664,Morna,Searle,msearleif@mac.com,Female,visa
665,Agosto,Sturr,asturrig@mozilla.com,Male,jcb
666,Elmore,Geibel,egeibelih@webs.com,Male,americanexpress
667,Yale,Cookman,ycookmanii@cam.ac.uk,Male,americanexpress
668,Filippa,Batterson,fbattersonij@fastcompany.com,Female,jcb
669,Rozalin,Ackeroyd,rackeroydik@slideshare.net,Female,jcb
670,Theo,Salasar,tsalasaril@google.ru,Male,bankcard
671,Laurette,Lorkings,llorkingsim@xing.com,Female,diners-club-us-ca
672,Larina,Wickmann,lwickmannin@usa.gov,Female,jcb
673,Vance,Habbal,vhabbalio@google.pl,Male,laser
674,Onida,Charman,ocharmanip@howstuffworks.com,Female,diners-club-carte-blanche
675,Bryant,Bullent,bbullentiq@epa.gov,Male,maestro
676,Donni,Tidbald,dtidbaldir@friendfeed.com,Female,diners-club-enroute
677,Kirsten,Peacock,kpeacockis@jalbum.net,Female,china-unionpay
678,Bank,Kindon,bkindonit@nifty.com,Male,visa
679,Agneta,Lappine,alappineiu@eventbrite.com,Female,mastercard
680,Elvyn,Gaskarth,egaskarthiv@alibaba.com,Male,jcb
681,Theodor,Ibel,tibeliw@walmart.com,Male,jcb
682,Michele,Thorsby,mthorsbyix@ustream.tv,Female,diners-club-carte-blanche
683,Leeland,Vanetti,lvanettiiy@canalblog.com,Male,jcb
684,Corri,Vosse,cvosseiz@umich.edu,Female,maestro
685,Nehemiah,Gauld,ngauldj0@bravesites.com,Male,diners-club-us-ca
686,Justino,Peverell,jpeverellj1@who.int,Male,mastercard
687,Clayton,Ohlsen,cohlsenj2@hubpages.com,Male,visa-electron
688,Hayyim,Shopcott,hshopcottj3@europa.eu,Male,diners-club-carte-blanche
689,Carrissa,Stanway,cstanwayj4@lulu.com,Female,laser
690,Vernice,Fatharly,vfatharlyj5@example.com,Female,china-unionpay
691,Berny,Backshall,bbackshallj6@facebook.com,Male,jcb
692,Francisca,Hynard,fhynardj7@goo.ne.jp,Female,maestro
693,Randene,Chatres,rchatresj8@cisco.com,Female,switch
694,Elga,Dowsett,edowsettj9@google.com.au,Female,maestro
695,Vanya,Casarino,vcasarinoja@google.cn,Male,instapayment
696,Neila,Wareham,nwarehamjb@hc360.com,Female,bankcard
697,Moise,Lowsely,mlowselyjc@nationalgeographic.com,Male,jcb
698,Carlyle,McGenn,cmcgennjd@creativecommons.org,Male,mastercard
699,Rutter,Ferney,rferneyje@t.co,Male,jcb
700,Gustav,Duckwith,gduckwithjf@examiner.com,Male,maestro
701,Brennan,Schutze,bschutzejg@census.gov,Male,jcb
702,Odella,Wallbutton,owallbuttonjh@livejournal.com,Female,jcb
703,Bret,Ingerfield,bingerfieldji@loc.gov,Male,jcb
704,Edlin,Joynt,ejoyntjj@ezinearticles.com,Male,jcb
705,Cchaddie,McKitterick,cmckitterickjk@youtube.com,Male,jcb
706,Carrie,Navan,cnavanjl@yellowbook.com,Female,diners-club-carte-blanche
707,Garrard,Peevor,gpeevorjm@yelp.com,Male,jcb
708,Glenn,McPeice,gmcpeicejn@rakuten.co.jp,Female,diners-club-carte-blanche
709,Odilia,Josskowitz,ojosskowitzjo@mediafire.com,Female,jcb
710,Abrahan,Kerfut,akerfutjp@utexas.edu,Male,mastercard
711,Germaine,Pady,gpadyjq@wikispaces.com,Male,instapayment
712,Hersh,Rapo,hrapojr@dailymotion.com,Male,laser
713,Artus,Coverly,acoverlyjs@home.pl,Male,instapayment
714,Geoffrey,Varran,gvarranjt@tripod.com,Male,jcb
715,Jerome,Moncarr,jmoncarrju@purevolume.com,Male,instapayment
716,Stephanus,Kirvell,skirvelljv@theatlantic.com,Male,jcb
717,Dalia,Abrahams,dabrahamsjw@e-recht24.de,Female,jcb
718,Zaria,McFfaden,zmcffadenjx@shutterfly.com,Female,laser
719,Brady,Tschirschky,btschirschkyjy@hubpages.com,Male,maestro
720,Karl,Bolus,kbolusjz@ask.com,Male,jcb
721,Rourke,Dongall,rdongallk0@fda.gov,Male,solo
722,Tomasine,Maffei,tmaffeik1@netlog.com,Female,jcb
723,Levi,Dunderdale,ldunderdalek2@newyorker.com,Male,maestro
724,Sawyere,Zanetti,szanettik3@addthis.com,Male,visa
725,Thibaut,Leyden,tleydenk4@cbc.ca,Male,jcb
726,Elsi,Russilll,erussilllk5@npr.org,Female,jcb
727,Otes,Rossoni,orossonik6@harvard.edu,Male,maestro
728,Cheryl,Willimot,cwillimotk7@huffingtonpost.com,Female,instapayment
729,Sherlock,Bridgestock,sbridgestockk8@bluehost.com,Male,jcb
730,Norby,Daice,ndaicek9@sina.com.cn,Male,jcb
731,Aura,Jales,ajaleska@booking.com,Female,jcb
732,Morgan,Klulisek,mklulisekkb@ovh.net,Male,mastercard
733,Neilla,Cowdroy,ncowdroykc@comsenz.com,Female,visa
734,Monti,Toon,mtoonkd@sbwire.com,Male,visa-electron
735,Mellie,Fance,mfanceke@sohu.com,Female,bankcard
736,Kaja,Tevelov,ktevelovkf@parallels.com,Female,jcb
737,Michaella,Holsey,mholseykg@squarespace.com,Female,jcb
738,Scarlet,Normant,snormantkh@qq.com,Female,jcb
739,Roberta,Shouler,rshoulerki@loc.gov,Female,mastercard
740,Orion,Ivens,oivenskj@odnoklassniki.ru,Male,laser
741,Kevon,Shingfield,kshingfieldkk@live.com,Male,jcb
742,Stephie,Suggitt,ssuggittkl@dropbox.com,Female,mastercard
743,Martin,Danshin,mdanshinkm@nydailynews.com,Male,instapayment
744,Windham,Crossan,wcrossankn@sciencedaily.com,Male,visa
745,Leta,Mapplebeck,lmapplebeckko@jiathis.com,Female,china-unionpay
746,Shae,Addington,saddingtonkp@oakley.com,Female,diners-club-enroute
747,Andi,Hosten,ahostenkq@youku.com,Female,visa-electron
748,Ariela,Dossetter,adossetterkr@telegraph.co.uk,Female,jcb
749,Silvanus,Sillick,ssillickks@reference.com,Male,diners-club-enroute
750,Nara,Edgeley,nedgeleykt@blogtalkradio.com,Female,diners-club-carte-blanche
751,Gerry,Diggons,gdiggonsku@yandex.ru,Female,americanexpress
752,Angelita,Forst,aforstkv@nhs.uk,Female,mastercard
753,Inigo,Gerssam,igerssamkw@goo.ne.jp,Male,diners-club-enroute
754,Amitie,Tschierse,atschiersekx@earthlink.net,Female,maestro
755,Neils,Trobey,ntrobeyky@mayoclinic.com,Male,jcb
756,Alyss,Lohde,alohdekz@nps.gov,Female,jcb
757,Prissie,Lezemere,plezemerel0@apache.org,Female,jcb
758,Sarah,Esson,sessonl1@toplist.cz,Female,maestro
759,Neile,Logue,nloguel2@youtu.be,Female,maestro
760,Russ,Olyfant,rolyfantl3@mit.edu,Male,mastercard
761,Tadeas,Ullyott,tullyottl4@mayoclinic.com,Male,visa-electron
762,Ingeborg,Westby,iwestbyl5@cdc.gov,Female,jcb
763,Nichol,Freeborne,nfreebornel6@bloomberg.com,Female,switch
764,Forster,Darter,fdarterl7@google.ru,Male,diners-club-carte-blanche
765,Lilith,Shaves,lshavesl8@stanford.edu,Female,mastercard
766,Cacilia,Cardenas,ccardenasl9@mapquest.com,Female,visa-electron
767,Harlan,Haglinton,hhaglintonla@digg.com,Male,solo
768,Annmaria,Pottie,apottielb@house.gov,Female,jcb
769,Kimbra,Sturton,ksturtonlc@dailymail.co.uk,Female,maestro
770,Charmian,Jansky,cjanskyld@blogspot.com,Female,jcb
771,Grady,Baff,gbaffle@discovery.com,Male,visa-electron
772,Rockey,Grist,rgristlf@lulu.com,Male,china-unionpay
773,Rafferty,Haysham,rhayshamlg@privacy.gov.au,Male,maestro
774,Abigail,Seeger,aseegerlh@youtu.be,Female,jcb
775,Roman,Wenger,rwengerli@dailymail.co.uk,Male,laser
776,Othilie,Swenson,oswensonlj@altervista.org,Female,jcb
777,Darcey,Farrer,dfarrerlk@baidu.com,Female,visa-electron
778,Burr,Oggers,boggersll@networksolutions.com,Male,maestro
779,Marcelo,Goodings,mgoodingslm@samsung.com,Male,jcb
780,Clayton,Tredger,ctredgerln@flavors.me,Male,diners-club-enroute
781,Hirsch,Ottawell,hottawelllo@tmall.com,Male,china-unionpay
782,Daryl,Creed,dcreedlp@bluehost.com,Male,diners-club-carte-blanche
783,Ingmar,Crunden,icrundenlq@alexa.com,Male,diners-club-enroute
784,Kermit,Pyle,kpylelr@facebook.com,Male,maestro
785,Nathanael,Kerfut,nkerfutls@samsung.com,Male,diners-club-enroute
786,Matthieu,Acreman,macremanlt@apple.com,Male,jcb
787,Sancho,Lebond,slebondlu@booking.com,Male,jcb
788,Melonie,Ferrarone,mferraronelv@techcrunch.com,Female,jcb
789,Fee,Askham,faskhamlw@domainmarket.com,Male,diners-club-enroute
790,Murvyn,Dearth,mdearthlx@vkontakte.ru,Male,maestro
791,Maridel,Elfes,melfesly@livejournal.com,Female,diners-club-enroute
792,Stephi,Formby,sformbylz@psu.edu,Female,jcb
793,Donni,Ambridge,dambridgem0@posterous.com,Female,jcb
794,Juieta,Frede,jfredem1@godaddy.com,Female,jcb
795,Rick,Setch,rsetchm2@unicef.org,Male,jcb
796,Falito,Forth,fforthm3@ovh.net,Male,jcb
797,Say,Gwillym,sgwillymm4@ovh.net,Male,visa-electron
798,Allie,Passey,apasseym5@furl.net,Male,diners-club-international
799,Rubie,Yarrell,ryarrellm6@nymag.com,Female,maestro
800,Meris,Emson,memsonm7@com.com,Female,jcb
801,Karly,Coatman,kcoatmanm8@pcworld.com,Female,visa
802,Worth,Allder,wallderm9@yolasite.com,Male,mastercard
803,Binnie,Gawn,bgawnma@purevolume.com,Female,americanexpress
804,Brander,Liddon,bliddonmb@bloglovin.com,Male,maestro
805,Monty,Twydell,mtwydellmc@ebay.co.uk,Male,mastercard
806,Nisse,Warby,nwarbymd@ebay.co.uk,Female,diners-club-international
807,Barris,Gibke,bgibkeme@sohu.com,Male,diners-club-carte-blanche
808,Marco,Hanes,mhanesmf@networksolutions.com,Male,instapayment
809,Boris,Bemrose,bbemrosemg@businessinsider.com,Male,diners-club-enroute
810,Sisile,Bengefield,sbengefieldmh@wikimedia.org,Female,visa-electron
811,Ola,O'Hare,ooharemi@vimeo.com,Female,visa-electron
812,Gail,Rowles,growlesmj@example.com,Female,mastercard
813,Gayler,Medendorp,gmedendorpmk@hao123.com,Male,jcb
814,Lauree,Ruckhard,lruckhardml@networkadvertising.org,Female,visa
815,Isa,Minty,imintymm@ask.com,Male,bankcard
816,Maxie,Venes,mvenesmn@merriam-webster.com,Male,switch
817,Dominic,MacCartney,dmaccartneymo@digg.com,Male,mastercard
818,Vinita,Gadsby,vgadsbymp@pbs.org,Female,mastercard
819,Frederique,Hazle,fhazlemq@howstuffworks.com,Female,jcb
820,Cornie,Rabley,crableymr@cocolog-nifty.com,Female,diners-club-enroute
821,Annetta,Prescot,aprescotms@cbslocal.com,Female,mastercard
822,Candice,Rusling,cruslingmt@tuttocitta.it,Female,jcb
823,Svend,Rathbourne,srathbournemu@indiegogo.com,Male,diners-club-enroute
824,Nolie,Eastmond,neastmondmv@seattletimes.com,Female,bankcard
825,Marten,Orris,morrismw@usda.gov,Male,mastercard
826,Freddi,Dunsire,fdunsiremx@yahoo.co.jp,Female,jcb
827,Sigrid,Wathan,swathanmy@china.com.cn,Female,visa-electron
828,Hal,Standrin,hstandrinmz@prweb.com,Male,switch
829,Britney,Gelling,bgellingn0@multiply.com,Female,jcb
830,Karly,Bruinsma,kbruinsman1@ebay.com,Female,jcb
831,Josias,Shaw,jshawn2@toplist.cz,Male,switch
832,Brendis,Riglar,briglarn3@tiny.cc,Male,mastercard
833,Scotti,Marchington,smarchingtonn4@deliciousdays.com,Male,diners-club-carte-blanche
834,Vivie,Purchon,vpurchonn5@msn.com,Female,maestro
835,Benjamin,Housbie,bhousbien6@paypal.com,Male,jcb
836,Olivie,Dronsfield,odronsfieldn7@elpais.com,Female,jcb
837,Natassia,Dewen,ndewenn8@stumbleupon.com,Female,bankcard
838,Timmi,Growcott,tgrowcottn9@auda.org.au,Female,visa
839,Prissie,Escale,pescalena@dyndns.org,Female,jcb
840,Elenore,Tupp,etuppnb@usgs.gov,Female,jcb
841,Elvis,Longthorne,elongthornenc@cbsnews.com,Male,maestro
842,Rickey,Scrimgeour,rscrimgeournd@virginia.edu,Male,jcb
843,Antonius,Clopton,acloptonne@zdnet.com,Male,jcb
844,Elsinore,Nugent,enugentnf@reverbnation.com,Female,jcb
845,Ramsey,Haps,rhapsng@bbb.org,Male,diners-club-carte-blanche
846,Elisabeth,Antoshin,eantoshinnh@ifeng.com,Female,visa-electron
847,Vivianne,Mewis,vmewisni@cornell.edu,Female,jcb
848,Theo,Van der Kruis,tvanderkruisnj@google.ca,Male,jcb
849,Lorrayne,Bowlands,lbowlandsnk@dropbox.com,Female,jcb
850,Suki,Eldredge,seldredgenl@hubpages.com,Female,diners-club-enroute
851,Oberon,Ciccotti,ociccottinm@fema.gov,Male,jcb
852,Joli,Woodroffe,jwoodroffenn@51.la,Female,switch
853,Jonah,Wabe,jwabeno@barnesandnoble.com,Male,jcb
854,Burty,Wyre,bwyrenp@joomla.org,Male,americanexpress
855,Jeannie,Fraczek,jfraczeknq@auda.org.au,Female,jcb
856,Gawain,Densie,gdensienr@prnewswire.com,Male,bankcard
857,Genna,Waker,gwakerns@dailymotion.com,Female,jcb
858,Cathleen,Nutting,cnuttingnt@goo.gl,Female,jcb
859,Colleen,Kellart,ckellartnu@aol.com,Female,americanexpress
860,Tad,Lyst,tlystnv@sitemeter.com,Male,bankcard
861,Tadeas,Drover,tdrovernw@phpbb.com,Male,jcb
862,Karil,Louw,klouwnx@live.com,Female,solo
863,Alair,Duro,adurony@booking.com,Male,visa
864,Karalynn,Babber,kbabbernz@ftc.gov,Female,visa-electron
865,Regina,Ingre,ringreo0@issuu.com,Female,mastercard
866,Dacia,Heardman,dheardmano1@artisteer.com,Female,bankcard
867,Giovanni,Sember,gsembero2@forbes.com,Male,diners-club-carte-blanche
868,Tull,Heddy,theddyo3@youku.com,Male,jcb
869,Carolyne,Follos,cfolloso4@360.cn,Female,mastercard
870,Pepe,Clixby,pclixbyo5@uiuc.edu,Male,diners-club-enroute
871,Alex,Matuska,amatuskao6@sourceforge.net,Male,diners-club-us-ca
872,Gail,Strongitharm,gstrongitharmo7@reverbnation.com,Female,jcb
873,Adda,Faber,afabero8@soundcloud.com,Female,visa-electron
874,Rodge,Alvarado,ralvaradoo9@mapquest.com,Male,diners-club-carte-blanche
875,Georgia,Isacq,gisacqoa@flickr.com,Female,mastercard
876,Lorant,Kiddell,lkiddellob@opensource.org,Male,diners-club-carte-blanche
877,Sigvard,Sheehan,ssheehanoc@dailymail.co.uk,Male,diners-club-carte-blanche
878,Steven,Velden,sveldenod@mtv.com,Male,maestro
879,Yoko,Bartleman,ybartlemanoe@ow.ly,Female,maestro
880,Roshelle,Batalle,rbatalleof@digg.com,Female,jcb
881,Flossi,Kinnerk,fkinnerkog@wunderground.com,Female,visa
882,Torrence,Berfoot,tberfootoh@latimes.com,Male,jcb
883,Marieann,Quinane,mquinaneoi@google.co.uk,Female,jcb
884,Leandra,Mordue,lmordueoj@deliciousdays.com,Female,visa-electron
885,Parker,Crunkhurn,pcrunkhurnok@google.com,Male,maestro
886,Findley,Gagie,fgagieol@nytimes.com,Male,jcb
887,Odille,Raggatt,oraggattom@wiley.com,Female,diners-club-international
888,Kale,Plante,kplanteon@wix.com,Male,jcb
889,Garret,Grinvalds,ggrinvaldsoo@slashdot.org,Male,mastercard
890,Reagan,Dreschler,rdreschlerop@reference.com,Male,jcb
891,Myles,Towse,mtowseoq@homestead.com,Male,jcb
892,Allin,Common,acommonor@icio.us,Male,americanexpress
893,Revkah,Godon,rgodonos@wikimedia.org,Female,maestro
894,Minerva,Pollicott,mpollicottot@exblog.jp,Female,bankcard
895,Dore,Hawkshaw,dhawkshawou@indiatimes.com,Male,jcb
896,Hamid,Potte,hpotteov@army.mil,Male,jcb
897,Flossie,Moughtin,fmoughtinow@homestead.com,Female,jcb
898,Allard,Anstie,aanstieox@is.gd,Male,mastercard
899,Sibby,Debney,sdebneyoy@skyrock.com,Female,jcb
900,Rossie,Boddington,rboddingtonoz@webs.com,Male,jcb
901,Marybeth,Stuttard,mstuttardp0@sina.com.cn,Female,jcb
902,Rora,Snassell,rsnassellp1@tinyurl.com,Female,maestro
903,Thedrick,Croston,tcrostonp2@pen.io,Male,americanexpress
904,Carleen,Brind,cbrindp3@rakuten.co.jp,Female,jcb
905,Wit,Cherrett,wcherrettp4@dedecms.com,Male,switch
906,Wainwright,Vautre,wvautrep5@sciencedirect.com,Male,maestro
907,Mort,Holson,mholsonp6@ustream.tv,Male,jcb
908,Lurlene,Cureton,lcuretonp7@comcast.net,Female,solo
909,Lanette,Aspey,laspeyp8@dion.ne.jp,Female,jcb
910,Huey,Sibthorp,hsibthorpp9@skyrock.com,Male,diners-club-enroute
911,Archibaldo,Hazelden,ahazeldenpa@edublogs.org,Male,jcb
912,Bennie,Gell,bgellpb@webmd.com,Male,mastercard
913,Ara,Swadlinge,aswadlingepc@purevolume.com,Male,jcb
914,Kenton,Beidebeke,kbeidebekepd@mlb.com,Male,jcb
915,Tabina,Geal,tgealpe@mapy.cz,Female,jcb
916,Cloris,Lodovichi,clodovichipf@shop-pro.jp,Female,jcb
917,Cyrus,Jersh,cjershpg@jigsy.com,Male,jcb
918,Chase,Lamborn,clambornph@ucoz.com,Male,switch
919,Korry,Hargraves,khargravespi@myspace.com,Female,jcb
920,Joanie,Summerson,jsummersonpj@devhub.com,Female,maestro
921,Shayne,Duesbury,sduesburypk@nps.gov,Male,solo
922,Oralle,Clifft,oclifftpl@ovh.net,Female,americanexpress
923,Dulciana,MacRedmond,dmacredmondpm@youtu.be,Female,china-unionpay
924,Sherie,Leatherland,sleatherlandpn@alibaba.com,Female,mastercard
925,Claudelle,Bisseker,cbissekerpo@com.com,Female,visa-electron
926,Gui,Leber,gleberpp@newsvine.com,Female,bankcard
927,Fonsie,Marran,fmarranpq@toplist.cz,Male,jcb
928,Erwin,Schrieves,eschrievespr@ucla.edu,Male,diners-club-carte-blanche
929,Raul,Oleksinski,roleksinskips@histats.com,Male,mastercard
930,Dorena,Blaisdale,dblaisdalept@miibeian.gov.cn,Female,jcb
931,Merv,Cordero,mcorderopu@uol.com.br,Male,jcb
932,Cobbie,Natt,cnattpv@answers.com,Male,diners-club-enroute
933,Karisa,Baistow,kbaistowpw@nymag.com,Female,jcb
934,Reba,Petican,rpeticanpx@tripod.com,Female,bankcard
935,Bess,Vaissiere,bvaissierepy@ed.gov,Female,mastercard
936,Don,Cammell,dcammellpz@blogger.com,Male,jcb
937,Bev,Juschka,bjuschkaq0@mysql.com,Female,switch
938,Myrna,Torrent,mtorrentq1@typepad.com,Female,jcb
939,Orton,Aloway,oalowayq2@blogger.com,Male,diners-club-carte-blanche
940,Jemmie,Silman,jsilmanq3@xrea.com,Female,laser
941,Alyse,Gulston,agulstonq4@squidoo.com,Female,jcb
942,Lanna,Chritchley,lchritchleyq5@npr.org,Female,solo
943,Adan,Gerhts,agerhtsq6@harvard.edu,Female,diners-club-international
944,Alister,Abby,aabbyq7@howstuffworks.com,Male,jcb
945,Sheffield,Maffezzoli,smaffezzoliq8@usa.gov,Male,laser
946,Aridatha,Deeble,adeebleq9@usda.gov,Female,jcb
947,Adelice,Goudie,agoudieqa@omniture.com,Female,jcb
948,Kristan,Pionter,kpionterqb@tmall.com,Female,jcb
949,Jacquelin,Lawrenceson,jlawrencesonqc@spotify.com,Female,mastercard
950,Rebecca,Perritt,rperrittqd@yahoo.com,Female,china-unionpay
951,Zacharie,Roser,zroserqe@addthis.com,Male,jcb
952,Tobie,Drabble,tdrabbleqf@flickr.com,Male,jcb
953,Kurt,Mordy,kmordyqg@pcworld.com,Male,maestro
954,Raleigh,Schoolfield,rschoolfieldqh@princeton.edu,Male,jcb
955,Juliet,Mawd,jmawdqi@walmart.com,Female,switch
956,Emelyne,Marsh,emarshqj@techcrunch.com,Female,switch
957,James,Losebie,jlosebieqk@boston.com,Male,jcb
958,Bettina,Rennolds,brennoldsql@shinystat.com,Female,jcb
959,Eb,Huitt,ehuittqm@samsung.com,Male,visa
960,Donalt,Norway,dnorwayqn@amazon.co.uk,Male,jcb
961,Garik,Farres,gfarresqo@feedburner.com,Male,diners-club-carte-blanche
962,Isabelita,Caps,icapsqp@soup.io,Female,jcb
963,Barri,Thumann,bthumannqq@instagram.com,Male,visa
964,Kalvin,Janusik,kjanusikqr@globo.com,Male,switch
965,Minda,Gettins,mgettinsqs@github.com,Female,visa-electron
966,Coraline,McDougald,cmcdougaldqt@friendfeed.com,Female,mastercard
967,Georgi,Goggin,ggogginqu@yahoo.co.jp,Male,jcb
968,Nanice,Woolland,nwoollandqv@forbes.com,Female,jcb
969,Milka,Finker,mfinkerqw@gnu.org,Female,jcb
970,Heindrick,Lace,hlaceqx@omniture.com,Male,switch
971,Germain,Stubbley,gstubbleyqy@tumblr.com,Male,bankcard
972,Pietro,Chettle,pchettleqz@ted.com,Male,americanexpress
973,Eb,Orgen,eorgenr0@lycos.com,Male,jcb
974,Marline,Yearn,myearnr1@domainmarket.com,Female,china-unionpay
975,Hagan,Marriott,hmarriottr2@samsung.com,Male,jcb
976,Chicky,Senton,csentonr3@ft.com,Male,maestro
977,Wendall,Petit,wpetitr4@hibu.com,Male,jcb
978,Leif,Beardmore,lbeardmorer5@stanford.edu,Male,maestro
979,Nolie,Dyment,ndymentr6@slate.com,Female,mastercard
980,Milly,Bowgen,mbowgenr7@canalblog.com,Female,visa-electron
981,Gamaliel,Critchard,gcritchardr8@ucsd.edu,Male,diners-club-enroute
982,Hali,Lorraway,hlorrawayr9@hugedomains.com,Female,switch
983,Mace,Verna,mvernara@timesonline.co.uk,Male,jcb
984,Zeke,Shrive,zshriverb@state.gov,Male,china-unionpay
985,Stephani,Peevor,speevorrc@booking.com,Female,laser
986,Alonso,Gepp,agepprd@dedecms.com,Male,americanexpress
987,Jeth,McAline,jmcalinere@over-blog.com,Male,visa-electron
988,Verne,Grisenthwaite,vgrisenthwaiterf@php.net,Male,jcb
989,Nadia,Belsham,nbelshamrg@reverbnation.com,Female,diners-club-carte-blanche
990,Cesar,Calabry,ccalabryrh@google.de,Male,maestro
991,Homere,Scouse,hscouseri@slate.com,Male,jcb
992,Maje,Warbrick,mwarbrickrj@feedburner.com,Male,jcb
993,Marj,Melendez,mmelendezrk@bbb.org,Female,visa
994,Mariel,de Courcey,mdecourceyrl@nyu.edu,Female,maestro
995,Ernst,Stanley,estanleyrm@cornell.edu,Male,china-unionpay
996,Dacy,Pouck,dpouckrn@skyrock.com,Female,jcb
997,Hillel,Mealham,hmealhamro@cdbaby.com,Male,jcb
998,Rachel,Prophet,rprophetrp@cmu.edu,Female,mastercard
999,Jard,Smallcomb,jsmallcombrq@cafepress.com,Male,maestro
1000,Perceval,Conachy,pconachyrr@google.de,Male,bankcard
